endpoint_id,cust_id,longitude,latitude
1,582,-92.59303763,44.41563546
2,582,-92.62437001,44.49409471
3,582,-92.88170665,44.29892967
4,582,-92.64744796,44.47601323
#N/A,582,-92.88060099,44.4274755
5,582,-92.79990162,44.35678982
6,582,-92.86081556,44.44960922
7,582,-92.96375985,44.47847019
8,582,-92.63599692,44.40365031
9,582,-92.85100742,44.42060329
10,582,-92.61075148,44.4271443
11,582,-92.64283857,44.38439872
12,582,-92.88710376,44.44313067
13,582,-92.78813671,44.33482937
14,582,-92.81210394,44.36161875
15,582,-92.72521299,44.35452077
16,582,-92.739326,44.32930018
17,582,-92.43127048,44.42582247
18,582,-92.79031194,44.27192288
19,582,-92.7051386,44.38505423
#N/A,582,-92.64283857,44.38439872
20,582,-92.94479747,44.46114273
21,582,-92.59826532,44.44203087
22,582,-92.76850216,44.34406216
23,582,-92.64283857,44.38439872
24,582,-92.83052488,44.39909682
25,582,-92.65105775,44.43487591
26,582,-92.49143058,44.41131254
27,582,-93.00887362,44.46783235
28,582,-92.6332887,44.40398741
#N/A,582,-92.8469789,44.22876972
#N/A,582,-92.64088834,44.45451822
29,582,-92.72655272,44.47530767
30,582,-92.80918885,44.51227524
31,582,-92.5230258,44.39852751
32,582,-92.88229092,44.48525793
33,582,-92.99901571,44.44933441
34,582,-92.81471858,44.35614635
35,582,-92.58457088,44.38603505
36,582,-93.01066974,44.48873855
37,582,-92.96245369,44.44964553
38,582,-92.92135403,44.46443523
39,582,-92.6586726,44.3978007
40,582,-93.00189389,44.50181906
41,582,-92.49900007,44.43250104
42,582,-92.98801347,44.51239126
43,582,-92.77033564,44.34863308
44,582,-92.80354194,44.36401298
45,582,-92.80354194,44.36401298
46,582,-92.7176482,44.34503548
47,582,-92.61236877,44.37336917
48,582,-92.82210371,44.48554292
49,582,-92.61699641,44.45039234
50,582,-92.54589121,44.35155874
51,582,-92.61176228,44.3255286
52,582,-92.84862844,44.27537172
53,582,-92.8358046,44.20145495
54,582,-92.86018887,44.25515509
55,582,-92.81373183,44.19615971
56,582,-92.83237061,44.21666243
57,582,-92.80779484,44.22127016
58,582,-92.61149837,44.32545108
59,582,-92.83241217,44.27097535
60,582,-92.83965728,44.19635185
61,582,-92.88177996,44.26968902
62,582,-92.83351036,44.24072836
64,582,-92.86753026,44.24803373
65,582,-92.81100682,44.19368391
66,582,-92.84709561,44.25436309
67,582,-92.80938212,44.22162396
68,582,-92.88264398,44.22384668
69,582,-92.89124733,44.25166616
70,582,-92.83745483,44.24181936
71,582,-93.02217638,44.51278814
72,582,-92.51240108,44.42687061
73,582,-92.96245369,44.44964553
74,582,-92.6586726,44.3978007
75,582,-92.6537086,44.39492149
76,582,-92.8019458,44.36496978
77,582,-92.90928971,44.47809149
78,582,-92.50175642,44.42136165
79,582,-92.70634338,44.38507257
80,582,-92.50257369,44.43049488
81,582,-92.64259458,44.39703014
82,582,-92.94317294,44.42744326
#N/A,582,-92.61263136,44.51123125
83,582,-92.83991161,44.18500296
84,582,-92.80958629,44.22445522
85,582,-92.81741348,44.2264633
86,582,-92.53272156,44.36891879
87,582,-92.84222676,44.2668131
88,582,-92.83281271,44.19603632
89,582,-92.82939235,44.21797848
90,582,-92.81805139,44.19735564
91,582,-92.83237061,44.21666243
92,582,-92.98234488,44.4352077
93,582,-92.63413644,44.40058864
94,582,-92.46997945,44.39946451
95,582,-92.8162989,44.51043217
96,582,-92.62976296,44.20504672
97,582,-92.98123929,44.39481887
98,582,-92.60311586,44.43878044
99,582,-92.9809888,44.45841495
100,582,-92.96819956,44.47114383
101,582,-92.9809888,44.45841495
102,582,-92.70275369,44.37352479
103,582,-92.90983372,44.41699784
104,582,-92.78856049,44.38380151
105,582,-93.0069912,44.47105312
106,582,-92.62080164,44.44891815
107,582,-92.92736774,44.45393387
108,582,-92.58522577,44.3990829
109,582,-92.92135403,44.46443523
110,582,-92.84199091,44.39456174
111,582,-92.64635858,44.39729798
112,582,-92.63513592,44.40082057
113,582,-92.73159506,44.23848041
114,582,-92.69058736,44.40402518
115,582,-92.53219669,44.41508136
116,582,-92.78813671,44.33482937
117,582,-92.63337727,44.40399299
118,582,-92.63411543,44.40389841
119,582,-92.94479747,44.46114273
120,582,-92.63544012,44.40038359
121,582,-92.91592126,44.48765007
122,582,-92.51212757,44.42758019
123,582,-92.7176482,44.34503548
124,582,-92.92102796,44.47151266
125,582,-92.9212444,44.47631608
126,582,-92.48509769,44.39856817
127,582,-92.67691751,44.38354749
128,582,-92.64496555,44.29370502
129,582,-92.87417621,44.41944277
130,582,-92.58146535,44.42802032
131,582,-92.94449524,44.46440856
132,582,-92.62850996,44.20552483
133,582,-92.81524087,44.35903747
134,582,-92.8915168,44.37061644
#N/A,582,-92.94119798,44.44206568
135,582,-92.61699641,44.45039234
136,582,-92.68546701,44.30298546
137,582,-92.9212444,44.47631608
138,582,-92.79570377,44.37110204
139,582,-92.78840672,44.44370464
140,582,-92.94449524,44.46440856
141,582,-93.05133745,44.2820051
142,582,-92.84608352,44.24086077
145,582,-92.84540973,44.25514902
146,582,-92.82114766,44.20112428
149,582,-92.80362127,44.4802949
150,582,-92.81261891,44.20157472
151,582,-92.83298775,44.22683116
152,582,-92.8830483,44.23246434
153,582,-92.85302984,44.27950796
154,582,-92.78200871,44.22744648
155,582,-92.80217374,44.20088206
156,582,-92.90216131,44.41502254
157,582,-92.79690295,44.2268147
158,582,-92.44873355,44.3979164
159,582,-92.66198825,44.31096781
160,582,-93.00954764,44.47130815
161,582,-92.98149182,44.38869176
162,582,-92.98889566,44.47451103
163,582,-92.46765769,44.43349172
164,582,-92.78388029,44.46191573
165,582,-92.71003185,44.25555665
166,582,-92.65489595,44.39075417
167,582,-92.42889277,44.44210659
168,582,-93.001546,44.23293977
169,582,-92.47020231,44.3845407
170,582,-92.69080793,44.42514491
171,582,-92.80972227,44.50735919
172,582,-92.739326,44.32930018
173,582,-92.32775987,44.49120624
174,582,-92.73168671,44.23874586
175,582,-92.73603836,44.32485946
176,582,-92.5006515,44.41171045
177,582,-92.44971254,44.39768054
178,582,-92.89097921,44.39906524
179,582,-92.89597408,44.4672593
180,582,-92.62925687,44.20558589
181,582,-92.72928626,44.34125735
182,582,-92.78043962,44.37910653
183,582,-92.47105512,44.412055
185,582,-92.58120968,44.35267019
186,582,-92.45354667,44.4450855
187,582,-92.74353437,44.36809944
188,582,-92.95853972,44.49691391
189,582,-92.717355,44.37009921
190,582,-92.82177259,44.44020953
191,582,-92.65349348,44.41794885
193,582,-93.01066974,44.48873855
194,582,-92.95853972,44.49691391
196,582,-92.45091562,44.41959246
197,582,-93.0069912,44.47105312
198,582,-92.43182583,44.41826249
199,582,-92.51352515,44.39623052
200,582,-92.7733272,44.37054391
201,582,-92.45384942,44.44448578
202,582,-92.97255994,44.49874821
203,582,-92.32614598,44.49395686
204,582,-93.01138415,44.48876901
205,582,-92.72081867,44.35451292
206,582,-92.87115853,44.38558874
208,582,-92.90561512,44.44673426
209,582,-92.41450501,44.40169201
210,582,-92.75093059,44.37109571
211,582,-92.95817281,44.49369458
212,582,-92.32456573,44.48812323
213,582,-92.90072918,44.45018149
214,582,-92.89068916,44.44908545
215,582,-92.71343071,44.34156479
216,582,-92.93061484,44.45240229
217,582,-92.99432255,44.50039734
218,582,-92.92807181,44.49737948
219,582,-92.63229621,44.40203776
220,582,-92.82527355,44.39847622
221,582,-92.91933095,44.46607686
222,582,-92.99296754,44.43944233
223,582,-92.68546703,44.30298547
224,582,-92.71861877,44.22573796
225,582,-92.95349026,44.42820124
226,582,-92.66809625,44.44928688
227,582,-92.96104959,44.48789944
228,582,-92.74268523,44.4166246
229,582,-92.85496428,44.4630444
230,582,-92.90358467,44.38800232
231,582,-92.46138023,44.41299263
232,582,-92.74205357,44.3183564
233,582,-92.5267603,44.40331029
234,582,-92.92805959,44.40639395
235,582,-92.3440353,44.50534272
236,582,-92.71343071,44.34156479
237,582,-92.44355486,44.45477335
238,582,-92.9059468,44.44251158
239,582,-92.90028164,44.45576817
240,582,-93.01458612,44.43218999
241,582,-92.60208206,44.3757016
242,582,-92.79031194,44.27192288
243,582,-92.88411123,44.39972757
244,582,-92.42939871,44.44143451
245,582,-92.46138023,44.41299263
246,582,-92.91803285,44.24523803
247,582,-92.99374746,44.50788368
248,582,-92.72237434,44.34202505
249,582,-92.7051386,44.38505423
250,582,-92.60311586,44.43878044
251,582,-92.44255352,44.43370915
252,582,-92.69852435,44.47510796
253,582,-92.85068223,44.39175624
254,582,-92.7752566,44.3420547
255,582,-92.68943351,44.22335453
256,582,-92.72503736,44.21106853
257,582,-92.87938882,44.19491708
258,582,-92.85785005,44.1796977
259,582,-92.76714616,44.22576458
260,582,-92.774908,44.34307392
261,582,-93.01358335,44.3702884
262,582,-92.69841425,44.2113913
263,582,-92.78475872,44.28275722
265,582,-92.88452896,44.20141384
266,582,-92.7473313,44.29483138
267,582,-92.72213429,44.28382959
269,582,-92.72008695,44.2084347
270,582,-92.91936479,44.23263234
271,582,-92.9649988,44.30272646
272,582,-92.94668978,44.37188206
273,582,-92.36900793,44.47091458
275,582,-92.98050862,44.41576536
276,582,-92.72662227,44.2187501
277,582,-93.01931725,44.33498164
278,582,-92.98310852,44.36866467
279,582,-93.02278539,44.33288725
280,582,-92.72581932,44.20859555
282,582,-92.40259408,44.47055366
284,582,-92.90028965,44.47298059
285,582,-92.77417203,44.19701684
286,582,-92.35975687,44.48191941
287,582,-92.76695484,44.20466604
288,582,-92.51082618,44.32731727
289,582,-92.84975415,44.19338385
290,582,-92.32763854,44.48906922
291,582,-92.95981111,44.39272929
293,582,-92.63292427,44.40146973
#N/A,582,-92.94388872,44.37157472
294,582,-92.86332441,44.24411916
295,582,-92.92471325,44.2701991
296,582,-92.38916288,44.4688648
297,582,-92.31844211,44.48979573
298,582,-92.97492391,44.34978227
299,582,-92.99299277,44.37785211
300,582,-92.31797787,44.48973837
301,582,-92.95794102,44.3956635
302,582,-92.71007875,44.20567251
303,582,-92.3397832,44.49998172
304,582,-92.86912561,44.27884879
305,582,-92.83759063,44.1908106
306,582,-92.89193351,44.30225129
307,582,-92.77070173,44.24841499
308,582,-92.62754727,44.20881216
309,582,-92.83759063,44.1908106
310,582,-92.84608352,44.24086077
311,582,-92.97003494,44.37096877
312,582,-93.00568349,44.43302122
313,582,-92.75673175,44.26721915
314,582,-92.66257406,44.35489925
315,582,-92.75606675,44.21356777
316,582,-92.86659868,44.25673564
317,582,-92.95719199,44.28125191
318,582,-92.7459271,44.20368308
319,582,-92.74726793,44.20360963
320,582,-92.38579286,44.46975983
321,582,-92.85779283,44.19641178
322,582,-92.7007062,44.28573332
323,582,-92.82053318,44.43056655
324,582,-92.72937965,44.22775982
325,582,-92.70226474,44.27964951
326,582,-92.86878874,44.1958029
327,582,-92.80282229,44.27188083
328,582,-92.72171807,44.21922013
329,582,-92.86399833,44.20117803
330,582,-92.94687513,44.45554084
331,582,-92.31764016,44.4912882
332,582,-92.82014036,44.24797513
333,582,-92.99380342,44.36865804
334,582,-92.78361272,44.47563633
335,582,-93.00077514,44.36222614
336,582,-92.9934212,44.38689279
337,582,-92.72118443,44.24699457
338,582,-92.73173681,44.24367277
339,582,-92.95334806,44.37680944
340,582,-92.98599068,44.4112981
341,582,-92.81294124,44.26867004
342,582,-92.72250735,44.22206614
343,582,-92.70233045,44.21174796
344,582,-93.01849798,44.32130391
345,582,-92.72249849,44.20976634
346,582,-92.9786226,44.43797139
347,582,-92.90855545,44.40674523
348,582,-92.98578719,44.41087749
349,582,-92.98954292,44.36210794
350,582,-92.7910708,44.20128162
351,582,-92.78047941,44.3689804
352,582,-92.82985123,44.39131441
353,582,-92.38927449,44.47240493
354,582,-92.31645746,44.49141046
355,582,-92.93178334,44.37363542
356,582,-92.72435394,44.22075248
357,582,-92.70636953,44.2093322
358,582,-92.74303354,44.22798485
359,582,-92.77528285,44.34176827
360,582,-92.77531322,44.19694625
361,582,-92.85879541,44.19222854
362,582,-92.72239789,44.22254752
363,582,-92.95594017,44.3392616
364,582,-92.97670851,44.37824738
365,582,-92.80362432,44.21793976
366,582,-92.75606675,44.21356777
367,582,-92.71687928,44.21920523
368,582,-92.86119873,44.21281702
369,582,-92.95132934,44.34911814
370,582,-92.71060255,44.21887982
372,582,-92.61097585,44.30289422
373,582,-92.77191131,44.22355756
374,582,-92.70654321,44.21967168
375,582,-92.86351308,44.19721829
376,582,-92.62235749,44.4512742
#N/A,582,-92.54180921,44.42414891
377,582,-92.74759741,44.20852779
378,582,-92.7025162,44.28437885
379,582,-92.94842929,44.28409048
380,582,-92.95557302,44.280514
381,582,-92.86556989,44.37085384
382,582,-92.78854455,44.19438396
383,582,-92.84715805,44.26818496
384,582,-92.75326742,44.29169137
385,582,-92.37035636,44.48222396
386,582,-92.94416579,44.35717918
387,582,-92.74004379,44.20965556
388,582,-92.39347636,44.47044569
390,582,-92.71911244,44.23770712
391,582,-93.00576964,44.38598259
392,582,-92.92864086,44.35726069
393,582,-92.77094248,44.37139508
394,582,-92.89632379,44.19860042
395,582,-92.94668978,44.37188206
396,582,-93.01677599,44.3277308
397,582,-92.91942338,44.48460123
398,582,-92.74290879,44.2389513
399,582,-92.77366445,44.22607147
400,582,-92.96244383,44.3498338
401,582,-92.63292268,44.40206811
402,582,-92.97677405,44.29886027
403,582,-92.89878343,44.23965331
404,582,-92.97769252,44.3550196
405,582,-92.97892036,44.35605663
406,582,-92.90225143,44.47513053
407,582,-92.7319365,44.23440196
408,582,-92.31756723,44.49039247
409,582,-92.76259157,44.25997708
410,582,-92.75241278,44.20888578
411,582,-92.92134179,44.37310432
413,582,-92.92759313,44.23056754
414,582,-92.77294778,44.22504213
415,582,-92.8220584,44.47172606
416,582,-92.78856882,44.19795364
417,582,-92.9068243,44.42481928
418,582,-92.91936479,44.23263234
419,582,-92.89598034,44.24351163
420,582,-92.80479908,44.26799708
421,582,-92.97226476,44.36593817
422,582,-92.38362962,44.47660038
423,582,-92.86221441,44.19709297
424,582,-92.78361272,44.47563633
425,582,-92.99745725,44.38453677
426,582,-92.75788138,44.20139767
427,582,-93.0036888,44.44673642
428,582,-92.63291515,44.40187382
429,582,-92.888068,44.24119673
430,582,-92.74922862,44.20191427
431,582,-92.3726461,44.48557024
432,582,-92.72898358,44.23338504
433,582,-92.8673348,44.21944979
434,582,-92.60068593,44.36767
435,582,-92.99023053,44.36262829
436,582,-92.80997309,44.20578639
437,582,-92.95230867,44.35915547
438,582,-92.7811726,44.25381326
439,582,-92.31697756,44.48971249
440,582,-92.74053738,44.2807183
441,582,-92.76315909,44.26065458
442,582,-92.37232519,44.47148746
443,582,-93.0021638,44.38038263
444,582,-92.86253761,44.20357695
445,582,-92.92031602,44.28805012
446,582,-92.70072871,44.21034134
447,582,-92.7109869,44.52925824
448,582,-92.95448979,44.28401221
449,582,-92.83080624,44.33498867
450,582,-92.47982342,44.38344966
451,582,-92.93003109,44.29750041
452,582,-92.8138764,44.3113521
453,582,-92.81573073,44.31042705
454,582,-92.8920998,44.27323894
455,582,-92.84143412,44.20941378
456,582,-93.00077307,44.37634247
457,582,-92.97574394,44.35027812
458,582,-92.89632682,44.21923432
459,582,-92.66232641,44.4425825
460,582,-92.77366445,44.22607147
461,582,-92.89665131,44.25722352
462,582,-92.34046643,44.48662592
463,582,-92.821883,44.19281562
464,582,-92.85280143,44.24433626
465,582,-92.77383473,44.27863408
466,582,-92.76322233,44.21334449
467,582,-92.690536,44.21899662
468,582,-92.94672669,44.45602882
469,582,-92.89748641,44.2429871
470,582,-92.71052074,44.22197867
471,582,-92.76201971,44.29951457
472,582,-92.728786,44.26050272
473,582,-92.71332476,44.21841417
474,582,-92.37394439,44.48983946
475,582,-92.71495524,44.27562645
476,582,-92.3397832,44.49998172
477,582,-92.71309038,44.21716492
478,582,-92.93191003,44.35075994
479,582,-92.78856882,44.19795364
480,582,-92.9311355,44.37643914
481,582,-92.93436329,44.37137937
482,582,-92.76399444,44.28150509
483,582,-92.69001717,44.22493078
484,582,-93.01806313,44.36538411
485,582,-93.00564469,44.43383244
486,582,-92.37945071,44.47304982
487,582,-92.95089007,44.36384316
488,582,-92.98866912,44.35159469
489,582,-92.85900508,44.19534914
490,582,-92.73689923,44.27873471
491,582,-92.71241677,44.2174533
493,582,-92.69001717,44.22493078
494,582,-92.57816637,44.43140573
495,582,-92.93137608,44.49973532
496,582,-92.87163072,44.35994484
497,582,-92.76190719,44.19931362
499,582,-92.72250097,44.2123842
500,582,-93.02601283,44.27226495
501,582,-92.76994232,44.23219132
502,582,-92.87156852,44.32764022
503,582,-92.63508306,44.39932476
504,582,-92.99425424,44.3264596
505,582,-92.99952312,44.2880106
506,582,-92.62677398,44.20645419
507,582,-93.01928146,44.28496407
508,582,-92.60333178,44.43351143
509,582,-92.94305085,44.33365805
510,582,-92.96609484,44.33291476
511,582,-92.96145239,44.32118237
512,582,-92.87156852,44.32764022
513,582,-92.97601847,44.31622211
514,582,-93.07819644,44.23897245
515,582,-92.73159258,44.50989974
516,582,-93.00986558,44.20359226
517,582,-93.07346555,44.23911516
518,582,-93.00192971,44.35666732
519,582,-92.63489977,44.40382612
520,582,-93.01242477,44.31341921
521,582,-92.63226189,44.40280849
522,582,-92.98423632,44.33236045
523,582,-92.63543582,44.40278745
524,582,-92.63080215,44.3379456
525,582,-92.83123696,44.34888561
526,582,-92.95719199,44.28125191
527,582,-92.94850572,44.26769056
528,582,-92.62700758,44.20891138
529,582,-92.62608023,44.20514549
530,582,-92.62781405,44.2083988
531,582,-93.00556513,44.31605751
532,582,-92.62714231,44.20693754
533,582,-92.63145101,44.40385462
534,582,-93.01142803,44.27743416
535,582,-92.63368268,44.40205802
536,582,-92.42176142,44.47091907
537,582,-92.44344121,44.41499552
538,582,-93.08504128,44.2409785
539,582,-92.63481285,44.40271561
540,582,-92.61701557,44.44203274
541,582,-92.95538425,44.31145986
542,582,-93.045976,44.28108817
543,582,-92.93404914,44.34855806
544,582,-93.06322047,44.2851169
545,582,-92.62734915,44.20933277
546,582,-93.03312622,44.25531156
547,582,-93.0299006,44.25409718
548,582,-92.83012405,44.3906197
549,582,-92.62630556,44.20604215
550,582,-92.6282838,44.20907518
551,582,-93.02730659,44.3134197
553,582,-92.33515042,44.50272261
554,582,-93.00215601,44.21588998
555,582,-92.92094478,44.44071923
556,582,-92.62600194,44.20535049
557,582,-92.68463803,44.3374887
#N/A,582,-92.66232641,44.4425825
558,582,-92.77056519,44.46324084
559,582,-92.63541439,44.40130838
560,582,-93.06322047,44.2851169
561,582,-93.05724863,44.24194685
562,582,-92.71380836,44.54378114
563,582,-93.05133209,44.28656888
564,582,-92.98036169,44.32664245
565,582,-93.04558854,44.23740755
566,582,-93.08325129,44.25610355
#N/A,582,-93.04695737,44.28071258
568,582,-92.63597942,44.40277762
569,582,-93.00930332,44.27368802
570,582,-92.94304752,44.28776243
571,582,-92.95644351,44.3279063
572,582,-92.63557437,44.39931003
573,582,-92.68724432,44.38320097
574,582,-92.98050862,44.41576536
575,582,-92.95835434,44.3213254
576,582,-92.71427093,44.54159419
577,582,-92.98423632,44.33236045
578,582,-92.52769882,44.47088847
579,582,-92.91718721,44.29563088
581,582,-92.97556911,44.26049156
582,582,-92.33729049,44.49897264
583,582,-92.32015822,44.48816259
584,582,-92.94590511,44.30034195
585,582,-92.63040484,44.20452429
586,582,-93.00648935,44.27373834
587,582,-92.62698637,44.20581308
588,582,-92.87156852,44.32764022
589,582,-93.01532996,44.23028488
590,582,-93.00381429,44.2730161
591,582,-92.63292708,44.40260108
592,582,-92.32980233,44.49328944
593,582,-92.89665473,44.21202442
594,582,-92.63550235,44.39849838
595,582,-92.95943145,44.26240216
596,582,-92.62829147,44.20641679
597,582,-92.62788328,44.20794667
598,582,-92.97935989,44.28680576
599,582,-92.8715416,44.29818508
600,582,-92.63581081,44.40082085
601,582,-92.62705228,44.34388991
602,582,-93.00254028,44.23350006
603,582,-93.01532996,44.23028488
604,582,-92.63420402,44.40388989
605,582,-92.62956706,44.20523504
606,582,-92.9311355,44.37643914
607,582,-92.94304752,44.28776243
608,582,-93.01731889,44.25402363
609,582,-92.97513153,44.25245138
610,582,-92.63458287,44.40385409
612,582,-92.6290786,44.20939613
613,582,-92.79215683,44.47435387
614,582,-93.04209163,44.2848052
#N/A,582,-92.90191937,44.47532583
615,582,-92.77212247,44.23289517
616,582,-92.94086478,44.30238471
617,582,-92.66262252,44.44477003
618,582,-92.98362325,44.33317286
619,582,-92.97264409,44.29899941
620,582,-93.0570089,44.2581909
621,582,-92.71380836,44.54378114
622,582,-92.5930854,44.44803473
623,582,-92.43428529,44.44773147
624,582,-92.62799022,44.20535046
625,582,-92.6347113,44.40323229
626,582,-92.83123696,44.34888561
627,582,-92.95776379,44.30001318
628,582,-92.94240943,44.34624798
629,582,-92.71422223,44.54216695
630,582,-93.06594526,44.25394955
631,582,-92.62879891,44.20927233
632,582,-92.97851881,44.2466803
633,582,-92.62992077,44.20484411
634,582,-92.95977979,44.25044537
636,582,-92.62658373,44.20932702
637,582,-92.63505197,44.39957086
638,582,-92.98452204,44.29983315
639,582,-92.62671802,44.20886157
640,582,-93.07511941,44.26111202
641,582,-92.97878095,44.24602147
642,582,-93.03467989,44.2517482
643,582,-92.9801443,44.24082471
644,582,-92.98699122,44.31430867
645,582,-92.33883319,44.49989048
646,582,-92.32601829,44.4949378
647,582,-92.91347706,44.3348686
648,582,-93.02426969,44.24170042
649,582,-92.6424444,44.35333289
650,582,-92.92766103,44.35085053
651,582,-92.63579772,44.40141929
652,582,-92.75858391,44.51807698
654,582,-92.96291509,44.27195154
655,582,-92.33075968,44.49528205
656,582,-93.00238552,44.33318176
#N/A,582,-92.72031871,44.35510994
657,582,-92.63209809,44.40199717
658,582,-93.01968069,44.27565191
659,582,-92.62945673,44.20926669
660,582,-92.98134337,44.24784947
661,582,-92.99741896,44.33222602
662,582,-92.6276244,44.20590311
663,582,-92.62644264,44.20584714
664,582,-92.62816459,44.20755897
665,582,-93.01714966,44.50773703
666,582,-92.62652101,44.20563236
667,582,-92.98091236,44.32296643
668,582,-92.63171762,44.40334725
669,582,-93.0342078,44.25528747
670,582,-93.03339232,44.22329317
671,582,-92.9998499,44.21532161
672,582,-92.62817413,44.20683503
673,582,-92.96371403,44.27780417
674,582,-92.93369935,44.30491869
675,582,-92.62731122,44.20672959
676,582,-93.00442257,44.27638829
#N/A,582,-92.67463265,44.27607913
677,582,-93.04767668,44.25705131
678,582,-92.60333178,44.43351143
679,582,-92.94617579,44.31750903
680,582,-92.49961473,44.41754709
681,582,-92.80963631,44.42714858
682,582,-93.00276808,44.20355102
683,582,-92.83273681,44.50082601
684,582,-93.02002719,44.21495278
685,582,-93.05469957,44.2597266
686,582,-92.94086478,44.30238471
687,582,-92.32981826,44.49429679
688,582,-92.35584274,44.49279628
690,582,-93.01786645,44.31202706
691,582,-92.63559398,44.39908184
692,582,-93.02474839,44.22228072
693,582,-93.05953214,44.26230257
694,582,-93.02533771,44.27835423
696,582,-92.61275053,44.31147773
697,582,-92.80491196,44.4092804
698,582,-93.01647236,44.28871069
699,582,-92.85822867,44.35670246
700,582,-92.32870063,44.49806722
701,582,-92.60581481,44.30382197
702,582,-92.98085734,44.28869153
703,582,-92.76292548,44.49560822
705,582,-92.62721322,44.2093421
706,582,-92.62886386,44.20743199
707,582,-92.95943145,44.26240216
708,582,-92.95103917,44.31613528
709,582,-92.9758409,44.3248312
710,582,-93.06139611,44.2621006
711,582,-92.67463265,44.27607913
712,582,-92.99927079,44.22410027
714,582,-92.5682296,44.44443111
715,582,-92.62617093,44.20935824
716,582,-92.99418129,44.25413362
718,582,-93.02400355,44.21335086
719,582,-92.99778561,44.32029811
720,582,-92.97264409,44.29899941
721,582,-92.71422223,44.54216695
722,582,-92.33374816,44.50105534
723,582,-92.98836405,44.33967383
724,582,-92.54618059,44.35848509
725,582,-92.63233988,44.40344326
726,582,-92.62640097,44.20890959
727,582,-93.03845803,44.2894107
728,582,-92.92766103,44.35085053
729,582,-92.62884365,44.20616334
730,582,-93.06337155,44.25583319
731,582,-92.63473721,44.40264517
732,582,-92.62672554,44.20623576
733,582,-92.8921906,44.37800274
734,582,-92.6338706,44.40206176
735,582,-92.33075968,44.49528205
736,582,-93.08956542,44.23912271
737,582,-93.0249699,44.2574985
738,582,-92.65470443,44.30211419
739,582,-93.02812521,44.2560912
740,582,-92.80903994,44.48929075
741,582,-93.05528318,44.24665454
742,582,-92.62891115,44.2065491
743,582,-93.02203029,44.23165302
744,582,-93.0303074,44.24962708
745,582,-92.98144086,44.24119142
746,582,-92.98182174,44.25452612
747,582,-93.00142654,44.20628839
748,582,-92.96104959,44.48789944
749,582,-92.62888548,44.20631119
750,582,-92.62945308,44.20910591
751,582,-93.02400355,44.21335086
752,582,-93.03544624,44.25525991
753,582,-93.02150617,44.39869928
754,582,-93.03364957,44.25230765
755,582,-92.5726128,44.32383986
756,582,-92.91347706,44.3348686
757,582,-92.91686575,44.29886502
758,582,-92.94305085,44.33365805
759,582,-92.63449186,44.40385733
760,582,-92.40718048,44.50099038
761,582,-92.93397466,44.34007051
762,582,-92.91973439,44.46048976
763,582,-93.02515302,44.2618276
764,582,-92.97923569,44.33550517
765,582,-92.63680768,44.39849928
766,582,-92.92786323,44.30631807
767,582,-92.63564157,44.40376023
768,582,-92.63494449,44.40382175
769,582,-92.80903994,44.48929075
770,582,-92.94416579,44.35717918
771,582,-92.55917347,44.23691289
772,582,-92.98245085,44.23882539
#N/A,582,-93.00887362,44.46783235
773,582,-92.49961473,44.41754709
774,582,-92.98050862,44.41576536
775,582,-93.03881068,44.29034898
776,582,-92.83080624,44.33498867
777,582,-92.73942361,44.39815936
778,582,-92.93314797,44.38672309
779,582,-92.55205393,44.36620099
780,582,-92.95393741,44.25595025
781,582,-92.63506237,44.40168641
783,582,-93.01709703,44.28861361
784,582,-92.5930854,44.44803473
785,582,-92.96820889,44.32864712
786,582,-92.98362325,44.33317286
787,582,-92.94823927,44.30976132
789,582,-92.92092219,44.49070245
790,582,-92.60887382,44.49920618
791,582,-92.60063302,44.32643793
792,582,-92.62526698,44.35467771
793,582,-92.63730434,44.33596697
794,582,-92.61205964,44.20836321
796,582,-92.70044155,44.39041058
798,582,-92.60626926,44.19566233
799,582,-92.59156435,44.23908685
800,582,-92.60205115,44.22349559
801,582,-92.96278554,44.30883728
802,582,-92.63296235,44.40271371
803,582,-92.63345521,44.40249473
804,582,-92.62894235,44.20590414
805,582,-92.62825025,44.20617769
806,582,-92.74277474,44.43647446
807,582,-92.95399766,44.29535177
808,582,-93.04143735,44.24606771
809,582,-93.05036709,44.25659081
810,582,-93.01647135,44.25392363
811,582,-92.63228811,44.40333497
812,582,-92.63506409,44.39908341
813,582,-93.02644049,44.2634766
814,582,-92.6266728,44.20669821
815,582,-92.71883667,44.50320322
816,582,-93.04054966,44.24716165
817,582,-93.02132522,44.27217066
818,582,-92.98083846,44.34256861
819,582,-93.02184838,44.25532257
820,582,-92.33978797,44.49280674
821,582,-92.33159731,44.49441273
822,582,-92.96945197,44.33025329
823,582,-92.94036236,44.33907833
824,582,-92.99613149,44.31072222
825,582,-93.01044952,44.27099824
826,582,-92.6278889,44.20921074
828,582,-92.63169715,44.40242829
829,582,-92.62812753,44.20799631
830,582,-92.33528203,44.5006021
831,582,-92.63169749,44.40289597
832,582,-92.62915633,44.20573219
833,582,-93.02138005,44.24731249
834,582,-92.33618232,44.50074199
835,582,-92.77367327,44.24049701
836,582,-92.32967633,44.49262265
837,582,-92.62849789,44.20816367
838,582,-92.62832287,44.20574577
839,582,-92.63392147,44.40161384
840,582,-92.63368268,44.40205802
841,582,-92.63171168,44.40324617
842,582,-93.00018172,44.24080509
843,582,-92.63543252,44.40331699
844,582,-92.73009233,44.48853286
845,582,-93.00090069,44.35645347
846,582,-92.62820444,44.20713632
847,582,-92.63506409,44.39908341
848,582,-92.63675492,44.39886921
849,582,-93.03470893,44.23946708
#N/A,582,-92.92094478,44.44071923
850,582,-92.77094248,44.37139508
851,582,-92.92092219,44.49070245
852,582,-92.65096871,44.3645999
853,582,-93.08104358,44.24095218
854,582,-92.99986951,44.20632015
855,582,-92.96670178,44.32969383
856,582,-92.45746732,44.43215643
857,582,-92.83012405,44.3906197
858,582,-92.98900678,44.43661757
859,582,-92.54567485,44.35905236
860,582,-92.63549183,44.40002443
861,582,-92.63596588,44.40259485
862,582,-92.63619546,44.40363538
863,582,-92.63258789,44.40400279
864,582,-92.92323543,44.47121936
865,582,-92.63509439,44.39860092
866,582,-92.54618059,44.35848509
867,582,-92.62626964,44.20492878
868,582,-92.7405468,44.47050414
869,582,-93.02244839,44.37038276
870,582,-92.91686575,44.29886502
871,582,-92.6336599,44.40400095
872,582,-92.41593148,44.46877225
873,582,-92.69221257,44.53696823
874,582,-92.44344121,44.41499552
875,582,-92.33375788,44.49303115
876,582,-93.01302317,44.26610246
877,582,-92.63382713,44.40394397
878,582,-92.32750916,44.49509777
879,582,-92.6320992,44.4039219
880,582,-92.78834926,44.3137067
881,582,-92.63440149,44.40173445
882,582,-92.33883319,44.49989048
883,582,-92.32517932,44.49620013
884,582,-92.65327581,44.32463283
885,582,-92.93786226,44.34228026
886,582,-92.93209375,44.35566866
887,582,-92.32886599,44.49581633
888,582,-92.63226189,44.40280849
889,582,-92.9805657,44.3811675
890,582,-92.75854307,44.32023888
891,582,-92.96465563,44.28721711
892,582,-92.98266303,44.34484259
893,582,-92.62559532,44.20590952
894,582,-92.97516906,44.31637439
895,582,-93.00964789,44.27242982
896,582,-92.63594759,44.40191799
897,582,-92.62775283,44.20924612
898,582,-92.51082618,44.32731727
899,582,-93.01968069,44.27565191
900,582,-92.92025345,44.2876943
901,582,-92.95930423,44.27339536
902,582,-92.5518458,44.37388729
903,582,-92.99337025,44.24125259
904,582,-92.83270777,44.50901371
905,582,-92.8831983,44.34342099
906,582,-92.34171218,44.49881222
907,582,-92.79886297,44.48466768
908,582,-92.63437885,44.4018597
909,582,-93.01493601,44.23832249
910,582,-93.00524934,44.23972877
911,582,-93.02185851,44.23244998
912,582,-92.82039371,44.48458771
913,582,-93.08104358,44.24095218
914,582,-92.84673443,44.31786822
915,582,-92.63502755,44.40024801
916,582,-93.02183245,44.23887762
917,582,-92.98900678,44.43661757
918,582,-92.3343344,44.50165296
919,582,-92.33768865,44.49988984
920,582,-92.63597863,44.40305122
922,582,-92.63289051,44.40397909
923,582,-92.63549183,44.40002443
924,582,-92.42181058,44.46995513
926,582,-93.02515302,44.2618276
927,582,-93.00972271,44.27388441
929,582,-92.80202738,44.24583168
930,582,-92.63585893,44.40178303
931,582,-92.63232795,44.40246112
932,582,-92.33668231,44.50299271
933,582,-93.02422855,44.26169609
934,582,-92.33515042,44.50272261
935,582,-93.00007033,44.24884382
936,582,-93.02118863,44.35824148
937,582,-92.96111953,44.26195542
938,582,-92.95931692,44.31761544
939,582,-92.63225766,44.40296358
941,582,-93.06035855,44.24070513
942,582,-93.02631337,44.27137856
943,582,-92.50676932,44.50871915
944,582,-92.94317294,44.42744326
945,582,-92.63550235,44.39849838
946,582,-92.62586615,44.20890546
947,582,-93.03979302,44.23477261
948,582,-92.63507194,44.39885028
949,582,-92.9546952,44.34255189
950,582,-92.94958714,44.33764821
951,582,-93.01420455,44.25512306
952,582,-92.58655128,44.17779434
953,582,-93.02600373,44.27286013
954,582,-92.33619002,44.49956045
955,582,-92.62584529,44.20934741
956,582,-92.33670859,44.50031803
957,582,-92.63509439,44.39860092
958,582,-92.63526598,44.4019816
959,582,-93.02626159,44.26656043
960,582,-93.01002493,44.253617
961,582,-92.62714306,44.20753702
962,582,-92.93314797,44.38672309
964,582,-92.63543582,44.40278745
966,582,-92.63010974,44.20463736
967,582,-92.90028965,44.47298059
968,582,-93.03157829,44.27919391
969,582,-92.62686908,44.20502102
970,582,-92.33376455,44.50361132
971,582,-92.66262252,44.44477003
972,582,-92.75854307,44.32023888
973,582,-92.96145239,44.32118237
974,582,-92.97608817,44.28924056
975,582,-92.32090165,44.48811672
976,582,-92.33630153,44.49902348
977,582,-92.62610295,44.20890383
978,582,-92.32271138,44.48812364
979,582,-92.97556911,44.26049156
980,582,-92.32964168,44.49722951
981,582,-93.02011277,44.20467535
982,582,-93.05692517,44.23899143
983,582,-92.63298392,44.40398819
984,582,-92.63187558,44.40390178
985,582,-92.91298846,44.44287513
986,582,-92.7792986,44.50502809
987,582,-92.33581677,44.50182349
988,582,-93.07538303,44.25410789
989,582,-92.96945197,44.33025329
991,582,-92.74138939,44.47014291
992,582,-92.89183113,44.30856993
993,582,-92.62740596,44.20519485
994,582,-92.33776328,44.49929434
996,582,-92.62689874,44.20606039
997,582,-92.77560865,44.36899597
998,582,-92.774908,44.34307392
999,582,-92.64810324,44.45436495
1000,582,-92.34305062,44.49148277
#N/A,582,-92.76823434,44.39560902
1001,582,-92.32538716,44.4904701
1002,582,-93.00868802,44.26360642
1003,582,-92.94370082,44.29210488
1004,582,-92.63233988,44.40344326
1005,582,-92.62814502,44.20665739
1006,582,-93.00579928,44.2737476
1007,582,-92.63251724,44.403985
1009,582,-92.91761065,44.47745816
1010,582,-92.63163466,44.40218837
1011,582,-92.63222458,44.40394082
1012,582,-92.80635665,44.45171174
1013,582,-92.62614128,44.20623385
1014,582,-92.97547815,44.28468199
1015,582,-92.58022795,44.21897781
1016,582,-92.73159258,44.50989974
1017,582,-92.95393741,44.25595025
1018,582,-92.97395866,44.32572399
1019,582,-92.50628531,44.52037127
1020,582,-93.03861208,44.25037313
1021,582,-92.96702316,44.29752285
1022,582,-92.9801443,44.24082471
1023,582,-93.0202648,44.24429915
1025,582,-92.96147237,44.24848589
1026,582,-93.00556513,44.31605751
1027,582,-92.62766436,44.20722722
1028,582,-92.62925398,44.20814659
1029,582,-92.41949498,44.45122203
1030,582,-92.81573073,44.31042705
1031,582,-92.33075163,44.49144137
1032,582,-93.01494086,44.26647794
1033,582,-92.63588437,44.39845669
1034,582,-92.6361681,44.39847392
1035,582,-93.02433158,44.25513788
1036,582,-93.06657394,44.23827896
1037,582,-92.63542828,44.40259002
1038,582,-92.98112387,44.29361036
1039,582,-92.93137608,44.49973532
1040,582,-92.60604653,44.32601759
1041,582,-92.33023503,44.4961849
1042,582,-92.59752904,44.2877896
1043,582,-92.89080793,44.30573355
1044,582,-92.65007045,44.34351932
1045,582,-93.00015282,44.24227369
1046,582,-92.63175387,44.40279038
1047,582,-92.99927079,44.22410027
1048,582,-92.99952312,44.2880106
1049,582,-92.94010589,44.30190223
1050,582,-92.97508242,44.46336504
1051,582,-92.54080662,44.36810997
1052,582,-92.95178323,44.31604946
1053,582,-92.6365998,44.35383417
1054,582,-92.99951485,44.23556024
1055,582,-92.5682296,44.44443111
1056,582,-92.78663488,44.28819535
1057,582,-92.87163072,44.35994484
1058,582,-92.98141348,44.34499432
1059,582,-93.08565732,44.24156375
1060,582,-92.62673897,44.20523123
1061,582,-92.81741169,44.31334676
1062,582,-92.72644493,44.50180916
1063,582,-92.64445034,44.33139375
1065,582,-92.33319562,44.47955873
1066,582,-92.91858034,44.29330141
1067,582,-92.97677405,44.29886027
1068,582,-92.98599068,44.4112981
1069,582,-92.62943566,44.20885087
1070,582,-92.62905649,44.20792765
1071,582,-92.50427755,44.51643816
1073,582,-92.6365391,44.39848651
1074,582,-92.77909503,44.50552965
1075,582,-92.91766038,44.30314738
1076,582,-92.71427093,44.54159419
1077,582,-93.08325129,44.25610355
1079,582,-92.32147548,44.48810358
1080,582,-92.76885077,44.33546805
1081,582,-92.5636936,44.43136873
1083,582,-92.96820889,44.32864712
1084,582,-92.72644493,44.50180916
1086,582,-92.63471084,44.40330516
1087,582,-92.99496128,44.51680082
1088,582,-92.63579772,44.40141929
1089,582,-93.06743259,44.24085946
1090,582,-93.02287576,44.26466008
1092,582,-92.96486161,44.26456752
#N/A,582,-93.07989228,44.25418264
1093,582,-92.33036133,44.49586375
1094,582,-92.63346117,44.40234803
1095,582,-92.95867558,44.25111786
1096,582,-92.63540042,44.40305507
1097,582,-92.62590581,44.2047996
1098,582,-92.62880391,44.20775742
1099,582,-92.63597924,44.40325921
1100,582,-92.33429328,44.50063408
1101,582,-93.06139611,44.2621006
1102,582,-92.62675355,44.2093069
1103,582,-92.95930423,44.27339536
1104,582,-93.03647969,44.25523688
1105,582,-92.63522989,44.40216322
1106,582,-92.62543376,44.20929783
1107,582,-92.76292548,44.49560822
1108,582,-92.63553922,44.40020716
1109,582,-92.96292851,44.26884867
1110,582,-93.00298912,44.28428805
1111,582,-93.0264977,44.26072756
1112,582,-92.71717623,44.50394364
1113,582,-92.62768042,44.20779288
1114,582,-92.63507705,44.40143579
1115,582,-92.691376,44.50861015
1116,582,-93.01993083,44.22218487
1117,582,-92.33113302,44.49300196
1118,582,-92.92786323,44.30631807
1119,582,-92.97875703,44.3424998
1120,582,-92.50663913,44.51960527
1121,582,-93.04575828,44.23240334
1122,582,-92.32995363,44.49701696
1123,582,-93.03544624,44.25525991
1124,582,-93.00091308,44.35729909
1125,582,-92.98519289,44.30109177
1126,582,-92.95399766,44.29535177
1127,582,-92.32755986,44.49403524
1128,582,-92.87781522,44.42748551
1129,582,-92.65096871,44.3645999
1130,582,-92.62830261,44.2085548
1131,582,-93.02507349,44.2723055
1133,582,-92.78007163,44.5054627
1134,582,-92.63508306,44.39932476
1135,582,-92.58354847,44.28452119
1136,582,-92.62746369,44.20768465
1137,582,-93.02150617,44.39869928
1138,582,-92.6352519,44.40381039
1139,582,-92.63532574,44.40379653
1140,582,-92.9786226,44.43797139
1141,582,-92.80406226,44.41414654
1142,582,-92.76885077,44.33546805
1143,582,-92.76823434,44.39560902
1144,582,-93.0342078,44.25528747
1146,582,-92.63175279,44.40388201
1148,582,-92.66963094,44.33042855
1149,582,-92.60229478,44.35069403
1152,582,-92.70145846,44.27408359
1154,582,-92.60084279,44.28062511
1155,582,-92.840394,44.21790475
1156,582,-92.74275258,44.25060274
1158,582,-92.57236409,44.29543664
1159,582,-92.9317217,44.36641539
1160,582,-92.71477509,44.23067199
1161,582,-92.78852134,44.25091209
1162,582,-92.71773555,44.28019212
1163,582,-92.92323543,44.47121936
1164,582,-92.35776788,44.47739886
1165,582,-92.31593486,44.49093979
1166,582,-92.54080662,44.36810997
1167,582,-92.92115211,44.23289484
1168,582,-92.92482017,44.26876939
1169,582,-92.71678049,44.24269387
1171,582,-92.97830016,44.38753018
1172,582,-92.75446248,44.28441911
1173,582,-92.96518319,44.38434095
1174,582,-92.31837131,44.49055833
1175,582,-92.63366783,44.40163182
1177,582,-92.32449514,44.48901969
1178,582,-93.02268065,44.38383752
1179,582,-92.79433132,44.22242425
1180,582,-92.54497207,44.5068592
1181,582,-92.63297945,44.40108939
1182,582,-92.95977979,44.25044537
1183,582,-92.83008957,44.34794025
1184,582,-92.5034868,44.51818782
1185,582,-92.99775306,44.28612252
1186,582,-92.72658903,44.47495103
1187,582,-92.70245154,44.21796264
1188,582,-92.83876734,44.26852664
1189,582,-92.71844151,44.23826747
1190,582,-92.89665473,44.21202442
1191,582,-92.31862971,44.49104541
1192,582,-92.78901945,44.26772544
1193,582,-92.58003279,44.29504195
1194,582,-92.73303308,44.22900482
1195,582,-92.85220241,44.34511507
1196,582,-92.71477509,44.23067199
1197,582,-92.63298711,44.40294883
1200,582,-92.97054303,44.46351675
1201,582,-92.91496452,44.25547728
1202,582,-92.84964204,44.21800942
1203,582,-92.67213988,44.34203005
1204,582,-92.63008188,44.32398954
1206,582,-92.58474644,44.19518033
1214,582,-92.76057941,44.23088886
#N/A,582,-92.74041458,44.31589378
1215,582,-92.6384012,44.33768566
1216,582,-92.62966738,44.33315607
1217,582,-92.58967183,44.24067433
1218,582,-92.58578796,44.23985051
1219,582,-92.6321686,44.32948742
1220,582,-92.62458091,44.3256048
1221,582,-92.63320727,44.3039932
1222,582,-92.65793184,44.33899313
1223,582,-92.61177983,44.29801167
1226,582,-92.58593779,44.53298016
1228,582,-92.58652279,44.31290026
1229,582,-92.57027297,44.21019089
1231,582,-92.85661688,44.21831122
1232,582,-92.92097973,44.26328875
1235,582,-92.62028081,44.29510125
1236,582,-92.66954049,44.34539342
1239,582,-92.58523151,44.26602046
1240,582,-93.06519711,44.47753201
1241,582,-92.72931963,44.27500875
1242,582,-93.05187949,44.49868975
1243,582,-92.44194242,44.36885831
1245,582,-92.46851038,44.39098524
1246,582,-92.66951092,44.30658778
1247,582,-92.78880687,44.32627676
1248,582,-92.6373504,44.24561717
1249,582,-92.65174347,44.34291359
1250,582,-92.65680845,44.32123513
1251,582,-92.62198045,44.30190067
1253,582,-92.57540061,44.21022407
1254,582,-92.53298072,44.22115673
1255,582,-92.38362962,44.47660038
1257,582,-92.48330508,44.36901647
1259,582,-92.58925774,44.28143911
1260,582,-92.64144487,44.24974157
1261,582,-92.5525283,44.28902831
1262,582,-92.67169065,44.27645847
1263,582,-92.55101843,44.28860364
1264,582,-92.61171553,44.21732649
1265,582,-92.56967834,44.22714328
1267,582,-92.54808215,44.29892282
1268,582,-92.32462153,44.49047716
1269,582,-92.6428578,44.25208283
1271,582,-92.66475372,44.25001198
1274,582,-92.58416422,44.31801666
1275,582,-92.86653416,44.46616022
1276,582,-92.9515922,44.4244702
1278,582,-92.5899077,44.25718629
1279,582,-92.89846762,44.416294
1280,582,-92.56639573,44.30370037
1281,582,-92.58652279,44.31290026
1282,582,-92.60177516,44.35317577
1284,582,-92.65241181,44.25787245
1285,582,-92.62514411,44.33939054
1288,582,-92.70136901,44.27596126
1289,582,-92.69938192,44.27637565
1290,582,-93.02157722,44.26933671
1291,582,-92.61572243,44.20925152
1294,582,-92.93404914,44.34855806
1295,582,-92.76885697,44.21461691
1296,582,-92.89748641,44.2429871
1297,582,-92.32002469,44.48928782
1298,582,-92.84540973,44.25514902
1299,582,-92.92800723,44.49845697
1300,582,-92.84709561,44.25436309
1301,582,-92.75513285,44.20490659
1302,582,-92.75326742,44.29169137
1303,582,-92.85410262,44.21917998
1304,582,-92.83282498,44.23549226
1305,582,-92.61023995,44.48264295
1306,582,-92.74236086,44.29046881
1307,582,-92.76315304,44.20400632
1308,582,-92.74649983,44.19905388
1309,582,-92.71323256,44.25811003
1310,582,-92.78377371,44.25493822
1311,582,-92.72031871,44.35510994
1312,582,-92.73791344,44.22875759
1313,582,-92.89271457,44.39894392
1314,582,-92.37026535,44.47478584
1315,582,-92.79065177,44.23913809
1316,582,-92.77810965,44.28387118
1317,582,-92.78044593,44.39559843
1318,582,-92.82899765,44.2189117
1319,582,-92.91298846,44.44287513
1320,582,-92.9552844,44.33859572
1321,582,-92.76635578,44.25330278
1322,582,-92.75967363,44.29276517
1323,582,-92.80936731,44.22031273
1324,582,-92.89136744,44.4641049
1325,582,-92.84222676,44.2668131
1326,582,-92.87029738,44.26538488
1327,582,-92.94584106,44.35108145
1328,582,-92.59303139,44.32895827
1329,582,-92.95748857,44.38682291
1330,582,-93.0213778,44.37872865
1331,582,-92.72008695,44.2084347
1332,582,-92.73173681,44.24367277
1333,582,-93.0487582,44.5003535
1334,582,-92.77157173,44.2690995
1335,582,-92.71675714,44.20518088
1336,582,-92.85586873,44.23340284
1337,582,-92.72750956,44.26158854
1338,582,-93.04521674,44.49958962
1339,582,-92.9079634,44.24694428
1340,582,-92.89745294,44.23350879
1341,582,-92.84311625,44.21802172
1343,582,-92.59203604,44.22560822
1344,582,-92.78353956,44.4765629
1345,582,-92.84563325,44.28019266
1346,582,-92.89088325,44.27740593
1347,582,-92.86206376,44.18975514
1348,582,-92.96329421,44.37369216
1349,582,-92.36547313,44.47619441
1350,582,-92.78716347,44.19341638
1351,582,-92.49945692,44.51617063
1352,582,-92.76207086,44.20970979
1353,582,-92.84883347,44.1927375
1354,582,-92.84322684,44.20714578
1355,582,-92.75038732,44.22364316
1356,582,-93.00133926,44.33877544
1357,582,-92.63675492,44.39886921
1358,582,-92.6996726,44.2188696
1359,582,-92.8726959,44.25972018
1360,582,-92.62271901,44.42561389
1362,582,-92.85661688,44.21831122
1363,582,-92.90501814,44.47156872
1364,582,-92.73009233,44.48853286
1365,582,-92.86126347,44.26845663
1366,582,-92.84501336,44.40358064
1367,582,-92.59188254,44.21435808
1368,582,-92.79217123,44.24135386
1369,582,-92.46438007,44.4324902
1370,582,-92.69901538,44.2238606
1371,582,-93.04521674,44.49958962
1375,582,-92.59180351,44.29551172
1376,582,-92.63105928,44.31501758
1377,582,-92.9994739,44.3704389
1379,582,-92.61228284,44.3030615
1380,582,-92.64161463,44.22473717
1381,582,-92.58829328,44.24416144
1382,582,-92.67285449,44.3486605
1383,582,-92.63294917,44.30980831
1384,582,-92.67320045,44.27704846
1385,582,-92.64161463,44.22473717
1386,582,-92.6321686,44.32948742
1389,582,-92.4510439,44.42535064
1397,582,-92.64954795,44.25612797
1398,582,-92.64974179,44.25413265
1399,582,-92.6907068,44.27420782
1400,582,-92.93854814,44.37588476
1401,582,-92.5798475,44.29812176
1402,582,-92.64145712,44.24948858
1403,582,-92.93178334,44.37363542
1404,582,-92.59727189,44.30446527
1407,582,-92.63990089,44.32100848
1408,582,-92.65058805,44.35831632
1409,582,-93.0196225,44.31750997
1410,582,-92.64472132,44.49346802
1411,582,-92.79758554,44.24081484
1412,582,-92.78188216,44.21118732
1413,582,-92.90191937,44.47532583
1414,582,-92.88295414,44.22445192
1415,582,-92.63348621,44.40072254
1416,582,-92.8721673,44.19621861
1417,582,-92.74527513,44.24356361
1418,582,-93.01642216,44.38126775
1419,582,-92.63413016,44.40285442
1420,582,-92.7599772,44.27160293
1421,582,-92.97383195,44.35114808
1422,582,-92.8868664,44.23982599
1423,582,-92.35084055,44.47591984
1424,582,-92.82114934,44.42068166
1425,582,-92.32554553,44.49243684
1426,582,-92.93199367,44.34162929
1427,582,-92.83273681,44.50082601
1428,582,-92.72956817,44.261308
1429,582,-92.99845098,44.35921949
#N/A,582,-92.83012405,44.3906197
1430,582,-92.31466626,44.49060708
1431,582,-92.88995396,44.37263284
1432,582,-92.63650919,44.39884183
1433,582,-92.76900062,44.39612397
1434,582,-92.69162726,44.22261141
1435,582,-92.70955299,44.27050659
1436,582,-92.73433283,44.21662731
1437,582,-92.89547772,44.21201433
1438,582,-92.86288351,44.23170883
1439,582,-92.79388041,44.26826293
1440,582,-92.3287973,44.49893471
1441,582,-92.32203116,44.48932196
1442,582,-92.34174984,44.50484812
1443,582,-92.78026599,44.27150074
#N/A,582,-92.84195683,44.25392531
1444,582,-92.7900035,44.24737166
1445,582,-92.32621904,44.48824293
1446,582,-92.32616343,44.49134499
1447,582,-92.69116453,44.23964615
1449,582,-92.95471294,44.45496486
1450,582,-92.96552072,44.37753416
1451,582,-92.83343849,44.25533958
1452,582,-92.5930854,44.44803473
1453,582,-92.63348943,44.40300684
1454,582,-92.31677515,44.49038774
1455,582,-92.72195778,44.25823056
1456,582,-92.35347559,44.49123603
1457,582,-92.31984196,44.48859685
1458,582,-92.85220241,44.34511507
1459,582,-92.97859039,44.38568363
1460,582,-92.6338068,44.40107451
1462,582,-92.84955243,44.26650401
1463,582,-92.98007894,44.40519187
1464,582,-92.94121051,44.37094455
1465,582,-92.96331931,44.38873304
1466,582,-92.73689462,44.26051837
1467,582,-92.62945281,44.20539432
1468,582,-92.71952257,44.20497855
1469,582,-92.70458952,44.28388428
1470,582,-92.50043255,44.50380593
1471,582,-92.76455711,44.23623931
1472,582,-92.76898965,44.22496785
1473,582,-92.71477509,44.23067199
1474,582,-93.00064378,44.34204042
1475,582,-92.69705091,44.28323484
1476,582,-92.69728035,44.53518802
1477,582,-92.68589504,44.33799507
1478,582,-92.77810965,44.28387118
1479,582,-92.33556837,44.50153176
1480,582,-92.7894935,44.2402434
1481,582,-92.90151042,44.25208688
1482,582,-92.72662227,44.2187501
1483,582,-92.87476946,44.35990599
1484,582,-92.8304237,44.25047837
1485,582,-92.82543457,44.5109565
1486,582,-92.71595181,44.26522098
1487,582,-92.76998579,44.25851906
1489,582,-92.89271457,44.39894392
1490,582,-92.7894935,44.2402434
1491,582,-92.90507349,44.4711047
1492,582,-92.69107983,44.50887129
1493,582,-92.7599772,44.27160293
1494,582,-92.33949373,44.50497822
1495,582,-92.73689462,44.26051837
1497,582,-92.74220704,44.20028763
1498,582,-92.85802332,44.2193788
1499,582,-92.54679021,44.32427208
1500,582,-92.79065177,44.23913809
1501,582,-92.70044806,44.21883882
1502,582,-92.32144325,44.48902316
1503,582,-92.32466871,44.48963875
1504,582,-92.95776379,44.30001318
1505,582,-92.36396303,44.47429171
1506,582,-92.71689304,44.20559802
1507,582,-92.97873831,44.38464864
1508,582,-92.73916724,44.28901189
1509,582,-92.89271457,44.39894392
1510,582,-92.58407692,44.41758341
1511,582,-92.90045902,44.26845476
1512,582,-92.68174596,44.21712083
1513,582,-92.75620966,44.22259207
1514,582,-92.5477224,44.35833942
1515,582,-92.97082877,44.38458317
1516,582,-92.72967721,44.46292057
1517,582,-92.63377518,44.40063886
1518,582,-92.70934237,44.21692637
1519,582,-92.60714098,44.20888266
1520,582,-92.58683599,44.27407574
1522,582,-92.71396225,44.22394325
1523,582,-92.78475872,44.28275722
1524,582,-92.79886297,44.48466768
1525,582,-92.32756857,44.49335902
1528,582,-92.60581481,44.30382197
1529,582,-92.33202674,44.48339606
1530,582,-92.92097973,44.26328875
1531,582,-92.63581081,44.40082085
1532,582,-92.7911323,44.22178752
1533,582,-92.68463803,44.3374887
1534,582,-92.80282229,44.27188083
1535,582,-92.84501336,44.40358064
1536,582,-92.63294901,44.40345004
1537,582,-92.69610798,44.27285566
1538,582,-92.32870063,44.49806722
1539,582,-92.32629082,44.49745809
1540,582,-92.68254306,44.21756172
1541,582,-92.84743759,44.23372597
1542,582,-92.89183113,44.30856993
1544,582,-92.82869185,44.25334304
1545,582,-92.32378229,44.48902986
1546,582,-93.01436476,44.34313406
1547,582,-92.31878277,44.48983268
1548,582,-92.88045538,44.22953655
1549,582,-92.84955243,44.26650401
1550,582,-92.63344827,44.40329496
1551,582,-92.77256527,44.26637193
1552,582,-92.5052278,44.51800831
1553,582,-92.70042942,44.2214322
1554,582,-92.58233217,44.2295858
1555,582,-92.86304143,44.2384814
1556,582,-92.647088,44.44256947
1557,582,-92.90581623,44.47074583
1558,582,-92.74751566,44.21883773
1559,582,-92.79488366,44.23832964
1560,582,-92.69841425,44.2113913
1561,582,-92.75541193,44.23792611
1562,582,-92.80617852,44.24786087
1563,582,-92.84217367,44.22171959
1564,582,-92.54529516,44.34820261
1565,582,-92.34094416,44.50373744
1566,582,-92.63423268,44.40270671
1567,582,-92.76148857,44.26974772
1568,582,-92.74516189,44.25974661
1569,582,-92.90711123,44.27045071
1570,582,-92.32637457,44.48993187
1571,582,-92.63420844,44.40343984
1572,582,-92.8314936,44.47509659
1573,582,-92.5498248,44.37092197
1574,582,-92.79210004,44.25776277
1575,582,-92.62956731,44.50632379
1576,582,-92.84195683,44.25392531
1577,582,-92.8851534,44.24131456
1578,582,-92.32581226,44.49673786
1579,582,-92.78044593,44.39559843
1580,582,-92.32641765,44.48945505
1581,582,-93.01979984,44.38863591
1582,582,-92.63541439,44.40130838
1583,582,-92.33387711,44.48431963
1584,582,-92.81805139,44.19735564
1585,582,-92.79217123,44.24135386
1586,582,-92.63559398,44.39908184
1587,582,-92.32533152,44.48962111
1588,582,-92.74649983,44.19905388
1589,582,-92.71675714,44.20518088
1590,582,-92.33665415,44.50006086
1591,582,-92.92471325,44.2701991
1592,582,-92.79488366,44.23832964
1593,582,-92.7102052,44.26226082
1594,582,-92.82899765,44.2189117
1595,582,-92.96085059,44.29440279
1596,582,-92.96147237,44.24848589
1597,582,-92.69637917,44.21921026
1598,582,-92.91807438,44.26859973
#N/A,582,-92.98839428,44.41892464
1601,582,-92.96516529,44.24738914
1602,582,-92.63446394,44.4009262
1603,582,-92.75061721,44.23841123
1605,582,-92.80406226,44.41414654
1606,582,-92.32519817,44.48899512
1607,582,-92.89157677,44.21410451
1608,582,-92.59203604,44.22560822
1609,582,-93.013377,44.38485395
1610,582,-92.32462153,44.49047716
1611,582,-92.76229222,44.28791326
1612,582,-92.6439473,44.33201247
1614,582,-92.53835524,44.30176863
1615,582,-92.48946968,44.36891049
1616,582,-92.59021705,44.32274671
1617,582,-92.33618232,44.50074199
1618,582,-92.4510439,44.42535064
1620,582,-92.60538108,44.26816932
1621,582,-92.59875313,44.22329096
1625,582,-92.58491331,44.17426882
1628,582,-92.99244428,44.34923164
1635,582,-92.93286251,44.48877244
1639,582,-92.65116714,44.32578945
1640,582,-92.62976908,44.26139122
1642,582,-92.6104649,44.26764271
1645,582,-92.570324,44.22146046
1647,582,-92.6496784,44.25352486
1648,582,-92.62558655,44.28483395
1649,582,-92.74335845,44.31530309
1650,582,-92.7431432,44.31546007
1653,582,-93.02699923,44.3557868
1654,582,-92.65241455,44.33089028
1658,582,-92.56516755,44.2934877
1659,582,-92.54808215,44.29892282
1660,582,-92.99845098,44.35921949
1661,582,-92.61355292,44.28112348
1662,582,-93.01458259,44.34272877
1663,582,-92.99136801,44.34953527
1666,582,-92.6163076,44.33922713
1667,582,-92.65263771,44.35389109
1668,582,-92.56944092,44.23849026
1669,582,-92.62851837,44.35456162
1670,582,-92.91942338,44.48460123
1671,582,-92.97372099,44.32793764
1674,582,-92.56952332,44.24922495
1675,582,-92.60648042,44.26750131
1678,582,-92.75823548,44.25292366
1679,582,-92.65290038,44.36453327
1680,582,-92.67304711,44.45771124
1686,582,-92.95742637,44.39895502
1690,582,-92.65138488,44.26197821
1695,582,-92.64757942,44.2534147
1698,582,-92.6163076,44.33922713
1701,582,-92.5862174,44.1953124
1704,582,-92.56789427,44.21612139
1706,582,-92.58829328,44.24416144
1713,582,-92.60714098,44.20888266
1715,582,-92.64170049,44.26466095
#N/A,582,-92.76184585,44.54108646
1716,582,-92.63844316,44.26673951
1717,582,-92.59180351,44.29551172
1718,582,-92.33528203,44.5006021
1720,582,-92.59874561,44.19462101
1721,582,-92.33884927,44.44807226
1723,582,-92.61920438,44.25532154
1725,582,-92.56268509,44.20094687
1727,582,-93.00590032,44.33704368
1728,582,-92.93018539,44.31822638
1729,582,-92.64976918,44.25441341
1731,582,-92.5788725,44.26964414
1733,582,-92.58193835,44.30364086
1735,582,-92.67268143,44.27689988
1738,582,-92.60490963,44.26759568
1739,582,-92.63955868,44.26337373
1741,582,-92.63912518,44.26247688
1742,582,-92.65241455,44.33089028
1744,582,-92.72589935,44.48859431
1745,582,-92.67232392,44.25383381
1746,582,-92.6037261,44.34547806
1748,582,-92.64945546,44.24451581
1750,582,-92.67304711,44.45771124
1751,582,-92.74351578,44.31518848
1753,582,-92.89846762,44.416294
1755,582,-93.05651489,44.25916565
1756,582,-92.58020349,44.42813811
1757,582,-92.57646717,44.43123447
1758,582,-92.66951338,44.41905168
#N/A,582,-92.99363886,44.46852513
1759,582,-92.80963631,44.42714858
1760,582,-92.9032989,44.21198547
1762,582,-92.59493074,44.19319039
1765,582,-92.68308227,44.34057657
1769,582,-92.57210152,44.24246676
1770,582,-92.65254503,44.36400624
1771,582,-92.63015841,44.25343255
1774,582,-92.63280657,44.26839639
1776,582,-92.54924478,44.41777659
1777,582,-92.87756978,44.41339074
1780,582,-92.6267852,44.22451435
1781,582,-92.60943221,44.2408405
1783,582,-92.68909473,44.25400112
1784,582,-92.61781452,44.25221973
1787,582,-92.54295473,44.30562623
1790,582,-92.62198045,44.30190067
1791,582,-92.57813676,44.19405824
1795,582,-92.59490374,44.19554635
1797,582,-92.88714338,44.3046718
1799,582,-93.01541375,44.4680527
1800,582,-92.82404341,44.45372238
1801,582,-92.89631364,44.21994036
1802,582,-92.70130671,44.24557759
1805,582,-92.99352507,44.36928152
1806,582,-92.79178937,44.29090525
1807,582,-92.8136849,44.20848952
1808,582,-92.61515228,44.26662846
1809,582,-92.62649198,44.20161515
1810,582,-92.65115101,44.25174446
1811,582,-92.58140284,44.30876806
1814,582,-93.00073538,44.34649091
1815,582,-92.62514411,44.33939054
1816,582,-92.6496784,44.25352486
1817,582,-92.35859949,44.47547787
1818,582,-92.56789427,44.21612139
1819,582,-92.64000672,44.22503953
1822,582,-92.61171553,44.21732649
1824,582,-92.61034705,44.27706829
1825,582,-92.6643964,44.250508
1826,582,-92.58997413,44.26765568
1829,582,-92.63554839,44.40084821
1830,582,-93.04591456,44.48573294
1831,582,-92.91496452,44.25547728
#N/A,582,-92.89562045,44.26984905
1832,582,-92.3257377,44.49296635
1833,582,-92.79850021,44.2698707
1834,582,-92.60627769,44.33619992
1835,582,-92.61057386,44.21420055
1838,582,-92.64941672,44.253394
1839,582,-92.64941672,44.253394
1840,582,-92.65124292,44.33776992
1843,582,-92.67327995,44.25365013
#N/A,582,-92.67529911,44.2770571
1844,582,-92.74367935,44.31512951
1845,582,-92.80970966,44.26846232
1848,582,-92.76455711,44.23623931
1849,582,-92.78026599,44.27150074
1850,582,-92.89116252,44.19594914
1851,582,-92.32144325,44.48902316
1853,582,-92.6302672,44.32593648
1854,582,-92.59722805,44.30152059
1855,582,-92.65124292,44.33776992
#N/A,582,-92.65338319,44.34781875
1856,582,-92.96292384,44.37189812
1859,582,-92.67267244,44.27615734
1860,582,-92.58972623,44.32547727
1861,582,-92.63200265,44.29954567
1862,582,-92.65294929,44.3358261
1863,582,-92.49553082,44.39771797
1864,582,-92.61162071,44.20939197
1865,582,-92.9515922,44.4244702
1866,582,-92.66528945,44.33934336
1868,582,-92.59642386,44.20885289
1869,582,-92.65362165,44.32407058
1870,582,-92.62154352,44.25230809
1873,582,-92.58967311,44.32469352
1874,582,-92.96329421,44.37369216
1876,582,-92.67178208,44.32614075
1877,582,-92.67268143,44.27689988
1878,582,-92.67378836,44.27708223
1880,582,-92.62742974,44.21072889
1882,582,-92.56985654,44.20757427
1887,582,-92.74511192,44.3144938
1889,582,-92.64001656,44.23077061
1892,582,-92.58491331,44.17426882
1893,582,-92.57036457,44.30510676
1894,582,-92.70355873,44.27446793
1899,582,-92.87421338,44.21634734
1900,582,-92.75038732,44.22364316
1901,582,-92.71773555,44.28019212
1902,582,-92.32327599,44.49049794
1903,582,-92.77284791,44.22940534
1904,582,-92.76057941,44.23088886
#N/A,582,-92.74568774,44.31324178
1905,582,-92.81999595,44.24071908
1906,582,-92.49900007,44.43250104
1907,582,-92.68855486,44.21700578
1908,582,-92.73625226,44.25315484
1909,582,-93.02107533,44.35315432
1910,582,-92.80221841,44.19720178
1911,582,-92.40910098,44.49977143
1912,582,-92.31934661,44.4903434
1913,582,-92.32632769,44.4902317
1914,582,-92.63345165,44.4034548
1916,582,-92.73793779,44.22066127
1917,582,-92.54679021,44.32427208
1918,582,-92.33349363,44.47994124
1919,582,-92.92029105,44.44080963
1920,582,-93.01779766,44.50701108
1921,582,-92.30484688,44.44626772
1922,582,-92.8905724,44.29460646
1923,582,-92.74523357,44.22814311
1924,582,-92.77690931,44.36902187
1925,582,-92.8851534,44.24131456
1926,582,-92.7708292,44.2254068
1927,582,-92.85965065,44.2333302
1928,582,-92.70168202,44.22498588
1929,582,-92.84625838,44.19739829
1930,582,-92.7637651,44.28477111
1931,582,-92.31624083,44.48972797
1932,582,-92.73078321,44.26159647
1933,582,-92.31559291,44.49047018
1934,582,-92.31468532,44.48964901
1935,582,-92.72213429,44.28382959
1936,582,-92.32332151,44.48807276
1937,582,-92.8431854,44.25859096
1939,582,-92.97919041,44.40654385
1940,582,-92.6684445,44.46502494
1941,582,-92.74220704,44.20028763
1942,582,-92.63320556,44.40086577
1943,582,-92.75967363,44.29276517
1944,582,-92.78082367,44.22476242
1945,582,-92.647088,44.44256947
1946,582,-92.97054303,44.46351675
1947,582,-92.3593519,44.47347942
1948,582,-93.01912797,44.34579744
1949,582,-92.63443589,44.40051877
1950,582,-92.32398305,44.49048774
1951,582,-92.90500234,44.25952072
1952,582,-92.77225939,44.26158845
1953,582,-92.71229294,44.2841975
1954,582,-92.76391213,44.260719
1955,582,-92.70395969,44.21872254
1956,582,-93.01313183,44.25525611
1957,582,-92.85586873,44.23340284
1958,582,-92.76259157,44.25997708
1959,582,-92.90257494,44.31076945
1960,582,-92.45398986,44.52445152
1961,582,-92.73782776,44.26944503
1962,582,-92.32398603,44.4896419
1963,582,-92.77840295,44.23846175
1964,582,-92.80792033,44.24774188
1965,582,-92.90661795,44.2295446
1966,582,-92.77212247,44.23289517
1967,582,-92.33877976,44.50346611
#N/A,582,-92.8721673,44.19621861
1968,582,-92.77016772,44.26486938
1969,582,-92.89426896,44.20475215
1970,582,-92.67373279,44.35945008
1972,582,-92.89209887,44.39599051
1973,582,-92.59674951,44.19470876
1976,582,-92.3987087,44.45567829
1981,582,-92.85163741,44.46701455
1982,582,-92.63984803,44.25974936
1987,582,-92.6042534,44.2315732
#N/A,582,-92.74842029,44.31437043
1992,582,-92.57172633,44.22652746
2005,582,-92.67200211,44.27617492
2010,582,-92.67217845,44.2769867
2023,582,-92.655507,44.25272195
2026,582,-92.60776201,44.30302092
2027,582,-92.60702402,44.46405568
2030,582,-92.59045787,44.2804121
2035,582,-92.65177789,44.262105
2037,582,-92.67462337,44.27708995
2038,582,-93.0280582,44.32314877
2039,582,-92.58352418,44.2541582
2043,582,-92.63023152,44.25229286
2044,582,-92.68825913,44.27585959
2045,582,-92.64254444,44.2477379
2046,582,-92.69014018,44.35324444
2047,582,-92.66985837,44.34968918
2048,582,-92.59363775,44.19186117
2050,582,-92.59561681,44.28080235
2052,582,-92.31878277,44.48983268
2053,582,-92.33941382,44.50313735
2054,582,-92.73145812,44.42035583
2055,582,-92.73145462,44.45551775
2056,582,-92.8920998,44.27323894
2057,582,-93.00110477,44.35554727
2058,582,-92.85411231,44.19645059
2059,582,-92.92736774,44.45393387
2060,582,-92.86126347,44.26845663
2061,582,-92.71735497,44.22909502
2062,582,-92.63608645,44.39887146
2063,582,-92.88107924,44.23870126
2064,582,-92.73184148,44.26168894
2065,582,-92.78059426,44.25611202
2066,582,-92.65489595,44.39075417
2067,582,-92.8633891,44.20709217
2068,582,-92.93636363,44.2390135
#N/A,582,-92.69705091,44.28323484
2069,582,-92.88948955,44.4668496
2070,582,-92.84661847,44.1988587
2071,582,-92.8748389,44.20632435
2072,582,-92.75705869,44.22259213
2073,582,-92.58707416,44.27037636
2075,582,-92.95301814,44.44484701
2077,582,-92.58155104,44.34801054
2078,582,-92.62526698,44.35467771
2080,582,-92.55056982,44.30994593
2082,582,-92.65024976,44.36124653
2083,582,-92.95293038,44.4695895
2084,582,-92.59031995,44.19833612
2086,582,-92.67145454,44.25256229
2087,582,-92.59727189,44.30446527
2088,582,-92.74430842,44.31440344
2091,582,-92.94700216,44.45197648
2092,582,-92.64374043,44.25223891
2094,582,-92.61177613,44.52173198
2095,582,-92.61550906,44.25204787
2102,582,-92.69806972,44.27502294
2104,582,-92.94700216,44.45197648
2107,582,-92.60520343,44.29530774
2109,582,-92.64954795,44.25612797
2110,582,-92.61305455,44.2093484
2113,582,-92.58829328,44.24416144
2114,582,-92.61639239,44.21009526
2117,582,-92.62616629,44.33667174
#N/A,582,-92.74826122,44.31431724
2122,582,-92.55291144,44.21094114
2123,582,-92.64007273,44.26147777
2124,582,-92.61920438,44.25532154
2125,582,-92.5862174,44.1953124
2127,582,-92.5862174,44.1953124
2132,582,-92.67186721,44.27707335
2133,582,-92.6297174,44.25226374
2134,582,-92.65131807,44.24784368
2135,582,-92.66414269,44.32352844
2138,582,-92.59989524,44.34202416
2139,582,-92.67529911,44.2770571
2140,582,-92.56224264,44.19981173
2142,582,-92.62343819,44.27887873
2143,582,-92.53835524,44.30176863
2145,582,-92.95334806,44.37680944
2146,582,-92.56720904,44.20411179
2147,582,-92.76184585,44.54108646
2148,582,-92.64935405,44.25576654
2151,582,-92.65148877,44.25258387
2152,582,-92.96875195,44.34481736
2156,582,-92.56045653,44.29315621
2158,582,-92.54295473,44.30562623
2159,582,-92.60632125,44.28270481
2161,582,-92.38257079,44.47160255
2163,582,-92.60999846,44.24085993
2169,582,-92.5899077,44.25718629
2173,582,-92.59287161,44.28249828
2174,582,-92.61233502,44.29367176
2175,582,-92.60749858,44.33600334
2177,582,-92.95006441,44.45560309
2179,582,-92.52838859,44.34321975
2180,582,-92.65148877,44.25258387
2182,582,-92.99089539,44.38458788
2194,582,-92.57165529,44.2349134
2202,582,-92.40636577,44.47146889
2205,582,-92.60776201,44.30302092
2207,582,-92.98866912,44.35159469
2209,582,-92.603201,44.19393992
2212,582,-92.61314513,44.20223053
2216,582,-92.93167421,44.36247508
2220,582,-92.69250565,44.27498445
2225,582,-92.38090486,44.48043697
2226,582,-92.71323696,44.53461767
2227,582,-92.61954298,44.20025128
2234,582,-92.94862225,44.44925413
2236,582,-92.64184199,44.48514684
2239,582,-92.92392556,44.35693927
2241,582,-92.67775399,44.28100164
2242,582,-92.58523151,44.26602046
2246,582,-92.61668342,44.3258574
2248,582,-92.75178049,44.484836
2260,582,-92.60862128,44.2648608
2263,582,-92.61651211,44.32415081
2271,582,-92.58422457,44.17578359
2275,582,-92.56475648,44.29156919
2276,582,-92.59464917,44.29571898
2278,582,-92.58280182,44.3040253
2280,582,-92.6071079,44.19421359
2281,582,-92.60789821,44.19467314
2283,582,-92.60729183,44.19381415
2285,582,-92.67429135,44.27644809
2287,582,-92.76762794,44.45703586
2288,582,-92.58740018,44.18379189
2291,582,-92.58661924,44.17922807
2292,582,-92.62028081,44.29510125
2294,582,-92.63200265,44.29954567
2296,582,-92.6360934,44.29972591
2297,582,-92.58669239,44.17998516
2298,582,-92.61048318,44.29587927
2303,582,-92.85134879,44.46635644
2309,582,-92.53424313,44.2158315
2313,582,-92.58967183,44.24067433
2316,582,-92.56199364,44.30394253
2318,582,-92.64892808,44.25327493
2320,582,-92.55056982,44.30994593
2321,582,-92.58747553,44.18792437
2322,582,-92.64193043,44.26310651
2323,582,-92.60535014,44.25141852
2324,582,-92.67556864,44.27653793
2325,582,-92.8861784,44.48640803
2334,582,-92.65099963,44.35293164
2335,582,-92.67167895,44.27711631
2336,582,-92.5915913,44.26318339
2340,582,-92.96518319,44.38434095
2343,582,-92.67978075,44.25279244
2345,582,-92.60866714,44.32377948
2358,582,-92.64513561,44.32561449
2360,582,-92.58796055,44.18812067
2361,582,-92.96513933,44.38651875
2363,582,-92.70210233,44.27351939
2376,582,-92.60923745,44.20206371
2379,582,-92.59393103,44.25396075
2386,582,-92.61666692,44.30288344
2387,582,-92.95748857,44.38682291
2390,582,-92.69250565,44.27498445
2392,582,-93.0280582,44.32314877
2393,582,-92.62842196,44.22467454
2394,582,-92.65249009,44.34572148
2395,582,-92.56083202,44.20045228
2396,582,-92.60177516,44.35317577
2397,582,-93.01677599,44.3277308
2399,582,-92.62641865,44.22453251
2400,582,-92.55218683,44.30387656
2401,582,-92.70757957,44.52833466
2402,582,-92.63105928,44.31501758
2404,582,-92.37103191,44.47617818
2405,582,-92.58794774,44.17430904
2406,582,-92.59422419,44.19425999
2409,582,-92.65354537,44.36102252
2410,582,-92.56813325,44.1953689
2411,582,-92.65642765,44.31732414
2412,582,-92.89209887,44.39599051
2413,582,-92.59242667,44.23528732
2414,582,-92.61314513,44.20223053
2415,582,-92.63960164,44.24707933
2417,582,-92.56696653,44.30884566
2418,582,-92.59514524,44.27960325
2419,582,-92.5439795,44.21431467
2420,582,-92.59436287,44.19457665
2421,582,-92.59197321,44.1997674
2422,582,-92.53298072,44.22115673
2425,582,-92.87163072,44.35994484
2426,582,-92.57194012,44.24191709
2427,582,-92.58210665,44.29749175
2429,582,-92.60044652,44.29250421
2436,582,-92.48539408,44.36915571
2437,582,-92.37394439,44.48983946
2438,582,-92.69784606,44.25409883
#N/A,582,-92.7441864,44.31400898
2439,582,-93.02132625,44.37791403
2440,582,-92.32613658,44.49070814
2441,582,-92.32779153,44.49156885
2443,582,-92.63956396,44.22750258
2446,582,-92.61167968,44.2675493
2447,582,-93.02148754,44.34577641
2448,582,-92.63542097,44.39946628
2449,582,-92.65362165,44.32407058
2450,582,-92.62705228,44.34388991
2451,582,-92.63385259,44.35550208
2453,582,-92.61006843,44.21209249
2454,582,-92.58246251,44.28099207
2455,582,-92.67320045,44.27704846
2456,582,-92.60516577,44.28228697
2461,582,-92.57152473,44.22867225
2463,582,-92.67016836,44.34615737
2464,582,-92.70145846,44.27408359
2465,582,-92.61196402,44.22837097
2466,582,-92.68903593,44.35551569
2468,582,-92.42122676,44.47475101
2469,582,-92.58910965,44.17812757
2472,582,-92.63008188,44.32398954
2475,582,-92.54129351,44.30165452
2478,582,-92.60987323,44.27624492
2480,582,-92.65241123,44.35340668
2481,582,-93.03555343,44.32622243
2482,582,-92.61031797,44.35503321
2483,582,-92.61031797,44.35503321
2484,582,-92.59494654,44.1933192
2486,582,-92.67823837,44.35581068
2487,582,-92.65339301,44.34251791
2492,582,-92.58155104,44.34801054
2493,582,-92.61304344,44.20177568
2497,582,-92.6970705,44.25864449
2498,582,-92.69227103,44.27354219
2500,582,-92.69349414,44.26857132
2503,582,-92.69806972,44.27502294
2504,582,-92.58940806,44.2783953
2505,582,-92.61940272,44.23989114
2506,582,-92.59786681,44.28125114
2507,582,-92.60823863,44.30395448
2509,582,-92.6128191,44.28066762
2512,582,-92.55185878,44.43257221
2514,582,-92.95020077,44.37133411
2516,582,-92.62458091,44.3256048
2520,582,-92.62154352,44.25230809
2523,582,-92.86653416,44.46616022
2524,582,-92.61200551,44.23169746
2526,582,-92.61171553,44.21732649
2527,582,-92.57066105,44.3170671
2528,582,-92.7707567,44.22489465
2529,582,-92.76323458,44.27437234
2530,582,-92.74222729,44.294394
2531,582,-92.32318318,44.48961559
2532,582,-92.63295527,44.40320819
2533,582,-92.32528999,44.48799676
2534,582,-92.81852816,44.22487658
2535,582,-92.82114934,44.42068166
2536,582,-92.81556819,44.23966787
2537,582,-92.75415585,44.47503952
2538,582,-92.74855544,44.26388898
2539,582,-92.61026401,44.48200432
2540,582,-92.43126462,44.47314612
2542,582,-92.79192536,44.27375548
2543,582,-92.55136249,44.3751063
2544,582,-92.64978305,44.25387038
2545,582,-92.64915731,44.25388824
2546,582,-92.63557437,44.39931003
2547,582,-92.32639397,44.48889437
2548,582,-92.88046188,44.26523205
2549,582,-92.75513285,44.20490659
2550,582,-92.87371374,44.25223837
2551,582,-92.75149347,44.26182004
2552,582,-92.58012005,44.32251649
2553,582,-92.97821341,44.37878322
2554,582,-92.52769882,44.47088847
#N/A,582,-92.587607,44.53241952
2555,582,-92.66257406,44.35489925
2556,582,-92.76315304,44.20400632
2557,582,-92.77458953,44.19760817
2558,582,-92.8314835,44.2354995
2559,582,-92.87224457,44.27661701
2560,582,-92.87356934,44.25281251
2561,582,-92.66745366,44.55390745
2562,582,-92.89088325,44.27740593
2563,582,-92.93397466,44.34007051
2564,582,-92.63419255,44.40099742
2565,582,-92.74046682,44.24922295
2566,582,-92.77531322,44.19694625
2567,582,-92.86085522,44.22676539
2569,582,-92.77253601,44.22502838
2570,582,-92.8314835,44.2354995
2571,582,-92.53196537,44.36130536
2572,582,-92.78852134,44.25091209
2573,582,-92.6338706,44.40206176
2574,582,-92.86376311,44.22249499
2575,582,-92.68254306,44.21756172
2576,582,-92.96214968,44.38842957
2577,582,-92.71119537,44.28398062
2578,582,-92.76044506,44.27292772
2579,582,-92.7025162,44.28437885
2580,582,-92.74286982,44.27635518
2581,582,-92.77244496,44.22472089
2582,582,-92.8686627,44.28017496
2583,582,-92.8747028,44.26826473
2584,582,-92.84955243,44.26650401
2585,582,-92.9502076,44.36026607
2586,582,-92.63416335,44.40331516
2587,582,-92.7910708,44.20128162
2588,582,-92.83124568,44.22647685
2589,582,-92.95929462,44.36551313
2590,582,-92.56696514,44.4622641
2591,582,-92.70175035,44.23612936
2592,582,-92.75161159,44.21992044
2593,582,-92.32639544,44.4905113
2594,582,-93.00697693,44.3368472
2595,582,-92.67014879,44.42448811
2596,582,-92.73403355,44.34353571
2598,582,-92.6906502,44.33940889
2600,582,-92.61701206,44.2377808
2603,582,-92.98313474,44.35981159
2604,582,-92.63929166,44.3215825
2605,582,-92.58028853,44.30388694
2606,582,-92.65099963,44.35293164
2607,582,-92.57606184,44.21144513
2608,582,-92.99299277,44.37785211
2609,582,-92.6115446,44.23171247
2610,582,-92.73058026,44.26134261
2611,582,-92.97508242,44.46336504
2612,582,-92.84563325,44.28019266
2613,582,-92.87421338,44.21634734
2614,582,-92.96292384,44.37189812
2615,582,-92.97829367,44.39351368
2616,582,-92.59203604,44.22560822
2617,582,-92.79288473,44.24790467
2618,582,-92.69637917,44.21921026
2619,582,-92.74286982,44.27635518
2621,582,-92.88974054,44.3136412
2622,582,-92.70955299,44.27050659
2623,582,-92.73245209,44.25843565
2624,582,-92.75383298,44.284493
2625,582,-92.87282038,44.24735534
2626,582,-92.63348807,44.40275691
2627,582,-92.8828604,44.46819684
2629,582,-92.79488366,44.23832964
2630,582,-92.90371047,44.47536169
2631,582,-92.888068,44.24119673
2632,582,-92.89039671,44.28259902
2633,582,-92.8892586,44.27587007
2634,582,-92.7811726,44.25381326
2635,582,-92.62337558,44.42820525
2636,582,-92.31725617,44.4908482
2637,582,-92.31604361,44.49057166
2638,582,-92.74149268,44.27125827
2639,582,-92.32756068,44.49674957
2640,582,-92.81663944,44.23957761
2641,582,-92.75142666,44.24216591
2642,582,-92.72655272,44.47530767
2646,582,-92.38257079,44.47160255
2647,582,-92.95301814,44.44484701
2649,582,-92.57292029,44.25456988
2652,582,-92.58246251,44.28099207
2656,582,-92.67200211,44.27617492
2658,582,-92.70735086,44.52765451
2661,582,-92.59287161,44.28249828
2662,582,-92.67267244,44.27615734
2663,582,-92.64007273,44.26147777
2668,582,-92.58553894,44.2230966
2669,582,-92.34210656,44.4903248
2670,582,-92.55804658,44.21037036
2672,582,-93.01931725,44.33498164
2673,582,-92.33729049,44.49897264
2674,582,-93.03258472,44.32991624
2675,582,-93.03555343,44.32622243
2676,582,-92.59482135,44.32920059
2678,582,-92.62713906,44.27068949
2679,582,-92.93590337,44.36711284
2680,582,-92.59330153,44.26679096
2681,582,-92.62210061,44.35021011
2682,582,-92.67536966,44.2760732
2685,582,-92.58875849,44.18002714
2687,582,-92.57294273,44.19594135
2691,582,-92.5525283,44.28902831
2692,582,-92.56403535,44.30369114
2693,582,-92.64182292,44.23280789
2696,582,-92.93286251,44.48877244
2699,582,-92.55223072,44.30721001
2700,582,-92.61068483,44.31121339
2703,582,-92.63294917,44.30980831
2710,582,-92.69651952,44.27146595
2711,582,-92.62407524,44.33910772
2712,582,-92.58685851,44.27709323
2714,582,-92.62198045,44.30190067
2715,582,-92.6287865,44.3048939
2716,582,-92.62103915,44.20111647
2718,582,-92.63984803,44.25974936
2721,582,-92.69251373,44.27211385
2725,582,-92.6317125,44.25398076
2726,582,-92.67167895,44.27711631
2728,582,-92.58177277,44.29438185
2729,582,-92.94114999,44.48010762
2731,582,-92.69736184,44.26139033
2732,582,-92.58203212,44.27110994
2733,582,-92.63482089,44.23940771
2734,582,-92.63213395,44.3154277
2736,582,-92.62167095,44.3508752
2737,582,-92.5367618,44.30367919
2738,582,-92.5996098,44.2099431
2739,582,-92.59934195,44.19441627
2741,582,-92.98043435,44.39999869
2742,582,-92.60493327,44.19586301
2743,582,-93.00230496,44.33984656
2744,582,-92.65260582,44.3351618
2746,582,-92.5798475,44.29812176
2747,582,-92.61002473,44.19633015
2748,582,-92.65262705,44.36093852
2749,582,-92.92262035,44.47784289
2752,582,-92.9537377,44.36303948
2753,582,-92.59176643,44.23946262
2755,582,-92.96503566,44.36515566
2761,582,-92.75178049,44.484836
2762,582,-92.60292925,44.32971092
2764,582,-92.97082877,44.38458317
2765,582,-92.3726461,44.48557024
2767,582,-92.61970259,44.34990262
2770,582,-92.63060484,44.31352242
2773,582,-92.67378836,44.27708223
2774,582,-92.60348523,44.25352272
2781,582,-92.85134879,44.46635644
2782,582,-92.87891202,44.43372067
2789,582,-92.61158389,44.25635068
2790,582,-92.79377012,44.52368941
2791,582,-92.69938192,44.27637565
2793,582,-92.68524984,44.25179145
2796,582,-92.63070735,44.34087225
2799,582,-92.5915913,44.26318339
2805,582,-92.59798032,44.25188554
2812,582,-92.59875313,44.22329096
2813,582,-92.58553894,44.2230966
2814,582,-92.53385043,44.22143567
2815,582,-92.61680905,44.25221572
2816,582,-92.92262035,44.47784289
2817,582,-92.63320727,44.3039932
2823,582,-92.68909473,44.25400112
2825,582,-92.56537354,44.2290838
2829,582,-92.65213727,44.24565043
2831,582,-92.61387543,44.26337064
2832,582,-92.60932089,44.24161047
2837,582,-92.96513933,44.38651875
#N/A,582,-92.74207095,44.31482302
2847,582,-92.58434121,44.17697561
2855,582,-92.61158389,44.25635068
2856,582,-92.61888662,44.20072422
2858,582,-92.58439738,44.1764676
2860,582,-92.59175314,44.28021348
2862,582,-92.95230867,44.35915547
2864,582,-92.49360545,44.39785389
2865,582,-92.60187236,44.19395678
2866,582,-92.58452884,44.20999848
2867,582,-92.61992977,44.20086085
2868,582,-92.62343819,44.27887873
2869,582,-92.95020077,44.37133411
2870,582,-92.59014972,44.20452258
2871,582,-92.36547313,44.47619441
2872,582,-92.64055045,44.3546716
2873,582,-92.87661423,44.42621725
2877,582,-92.95089007,44.36384316
2878,582,-92.62616629,44.33667174
2884,582,-92.39443981,44.47043211
2890,582,-92.61451184,44.2630097
2898,582,-92.58439738,44.1764676
2903,582,-92.67330849,44.27609728
2913,582,-92.6071079,44.19421359
2914,582,-92.59674951,44.19470876
2915,582,-92.62996893,44.34089622
2916,582,-92.68986578,44.26196011
2917,582,-92.58568734,44.22455788
2918,582,-92.60648042,44.26750131
2919,582,-92.60766557,44.26814521
2920,582,-92.59470539,44.19407449
2921,582,-92.58000662,44.21969017
2922,582,-92.61224191,44.20935537
2923,582,-92.77002534,44.21108054
2924,582,-92.37150231,44.47643063
2925,582,-92.35907787,44.47267991
2926,582,-92.67241088,44.33410853
2927,582,-92.6424444,44.35333289
2928,582,-92.55804658,44.21037036
2929,582,-92.65224625,44.35126902
2934,582,-92.9934212,44.38689279
2935,582,-92.63955868,44.26337373
2938,582,-92.60348523,44.25352272
2941,582,-92.5820614,44.26768937
2942,582,-92.50213365,44.47562839
2944,582,-92.67320045,44.27704846
2945,582,-92.58585193,44.1945153
2948,582,-92.92392556,44.35693927
#N/A,582,-92.74600949,44.31456692
2951,582,-92.63060484,44.31352242
2955,582,-92.55260528,44.30437974
2957,582,-92.59798032,44.25188554
2960,582,-92.65156197,44.24221172
2961,582,-92.58739482,44.17362257
2964,582,-92.58155104,44.34801054
2966,582,-92.35907787,44.47267991
2969,582,-92.62625552,44.23925754
2970,582,-92.63080215,44.3379456
2975,582,-92.61042664,44.2387363
2978,582,-92.3987087,44.45567829
2980,582,-92.68529546,44.41187663
2981,582,-92.46903097,44.41026922
2982,582,-92.98754604,44.47485968
2984,582,-92.58710073,44.18324661
2985,582,-92.62595616,44.27033781
2987,582,-92.58986395,44.17691268
2990,582,-92.5632544,44.23717558
2997,582,-92.55999275,44.23664483
2998,582,-92.69905783,44.22948771
2999,582,-92.92114943,44.32125122
3005,582,-92.8699653,44.4132069
3006,582,-92.59694935,44.19565156
3007,582,-92.98313474,44.35981159
3008,582,-92.76455711,44.23623931
3009,582,-92.76201971,44.29951457
#N/A,582,-92.75446248,44.28441911
3010,582,-92.59188254,44.21435808
#N/A,582,-92.98487402,44.47852723
3014,582,-92.55616044,44.36918886
3015,582,-92.91002005,44.40685938
3016,582,-92.70231497,44.50429305
3017,582,-92.53068617,44.34366445
3018,582,-93.00492083,44.47907907
#N/A,582,-92.99227153,44.47332406
#N/A,582,-92.99474461,44.49679809
3019,582,-92.76744137,44.24482545
3020,582,-92.83013533,44.25004788
3022,582,-92.98424024,44.49021499
#N/A,582,-93.04285162,44.48654351
3024,582,-92.91010575,44.47626353
3025,582,-92.63360119,44.41352095
3026,582,-92.6428578,44.25208283
3027,582,-92.80362432,44.21793976
3028,582,-92.79613324,44.45022686
3029,582,-92.74629822,44.28202779
3030,582,-92.86621206,44.46905124
3031,582,-92.80160412,44.3657777
3032,582,-92.53944938,44.4111215
3033,582,-92.90917439,44.47709045
3034,582,-92.44332143,44.36930159
#N/A,582,-92.96510645,44.47631679
3035,582,-92.46567396,44.43186503
3036,582,-92.43222476,44.44745187
3038,582,-92.46484804,44.43130139
3039,582,-92.47003276,44.37858878
3040,582,-92.65299536,44.44666465
3041,582,-92.47310178,44.39072379
3042,582,-93.02787034,44.35535414
3043,582,-92.61267579,44.50835663
#N/A,582,-93.00694744,44.48868646
3045,582,-92.99988197,44.23638726
3046,582,-92.75651525,44.28268574
3048,582,-92.62428074,44.52499377
3049,582,-92.72766061,44.50392363
3050,582,-92.65419371,44.42820264
3051,582,-92.44585029,44.42503115
#N/A,582,-92.99925412,44.4938889
#N/A,582,-93.02465869,44.48269148
3053,582,-92.79242825,44.44958935
3054,582,-92.80332696,44.3656502
3055,582,-92.54991931,44.37370104
3056,582,-92.88142995,44.39820798
3058,582,-92.79779058,44.45080169
3059,582,-92.84563325,44.28019266
3060,582,-92.59944503,44.4298525
3061,582,-92.7676271,44.24547044
3063,582,-92.60190199,44.25333082
#N/A,582,-93.01485274,44.48658494
3064,582,-92.80368219,44.36522178
3065,582,-92.68528535,44.30265498
3066,582,-92.9508689,44.49142329
3067,582,-93.06779958,44.47319803
3068,582,-92.52996568,44.34274273
3069,582,-92.6915589,44.23483982
3070,582,-92.99758651,44.50563725
3071,582,-92.88658765,44.30441996
3072,582,-92.79788241,44.2382718
3073,582,-92.51699243,44.41290199
3075,582,-92.76677492,44.33048502
3076,582,-92.7014584,44.24950268
3077,582,-92.52284945,44.36745408
3078,582,-92.89442071,44.21226118
3094,582,-92.90928971,44.47809149
3095,582,-92.98034596,44.41026837
3096,582,-92.90696594,44.47592447
3098,582,-92.80503736,44.2259977
